{"cameraMode":{"drawMode":0,"name":"Shaded","section":"Shading Mode"},"sceneLighting":false,"audioPlay":false,"sceneViewState":{"showFog":true,"showMaterialUpdate":false,"showSkybox":true,"showFlares":true,"showImageEffects":true,"showParticleSystems":true},"in2DMode":false,"pivot":{"x":4.380000114440918,"y":2.13100004196167,"z":-3.619999885559082},"rotation":{"x":0.12235219031572342,"y":-0.02500796504318714,"z":0.00307702855207026,"w":0.9921668767929077},"size":2.2647414207458498,"orthographic":false}