{"cameraMode":{"drawMode":0,"name":"Shaded","section":"Shading Mode"},"sceneLighting":true,"audioPlay":false,"sceneViewState":{"showFog":true,"showMaterialUpdate":false,"showSkybox":true,"showFlares":true,"showImageEffects":true,"showParticleSystems":true},"in2DMode":false,"pivot":{"x":-0.16413873434066773,"y":4.730168342590332,"z":0.6151309013366699},"rotation":{"x":0.04017147794365883,"y":0.020079554989933969,"z":0.0008073461940512061,"w":-0.9989911913871765},"size":6.516819953918457,"orthographic":false}