{"cameraMode":{"drawMode":0,"name":"Shaded","section":"Shading Mode"},"sceneLighting":false,"audioPlay":false,"sceneViewState":{"showFog":true,"showMaterialUpdate":false,"showSkybox":true,"showFlares":true,"showImageEffects":true,"showParticleSystems":true},"in2DMode":false,"pivot":{"x":-0.6794780492782593,"y":5.234305381774902,"z":3.232213020324707},"rotation":{"x":0.20490267872810365,"y":-0.017616858705878259,"z":0.003688656724989414,"w":0.9786168336868286},"size":7.541818618774414,"orthographic":false}